"Sản phẩm (san_pham)","Loại (loai)","Tên (ten)","Fanpage (fanpage)","TikTok (tiktok)","YouTube (youtube)","Blog / giá / website (blog_gia_website)","Từ khóa Ad Library (tu_khoa_ad_library)","Ghi chú (ghi_chu)"
"CẤU HÌNH","cấu_hình","Giới hạn mỗi lần chạy","","","","","","Tối đa 30 trang mở và 20 phút; chỉ đọc; dừng khi gặp captcha, đăng nhập hoặc checkpoint"
"CẤU HÌNH","cấu_hình","Luân phiên sản phẩm","","","","","","Vòng: SIPOS, WEBINO, REDSUN BOS. n = số ngày làm việc (thứ Hai đến thứ Sáu) từ 2026-10-05 đến trước ngày chạy; sản phẩm = vòng[n mod 3]. Ví dụ 08/10 là SIPOS, 09/10 là WEBINO, 12/10 là REDSUN BOS"
"CẤU HÌNH","cấu_hình","Chủ đề nóng hằng tuần","","","","","","Thứ Hai: tối đa 20 chủ đề trong 7 ngày gần nhất cho sản phẩm của ngày; mỗi chủ đề có ngày đăng đã xác minh"
"SIPOS","của mình","SIPOS","https://www.facebook.com/sipos.vn/","https://www.tiktok.com/@giaiphapbanhangsipos","chưa có","https://www.sipos.vn","","Zalo OA: chưa có. Giá công khai: Khởi động từ 149k/tháng, Chuyên nghiệp từ 229k/tháng"
"SIPOS","đối thủ","KiotViet","https://www.facebook.com/PhanmembanhangKiotViet","không có","https://www.youtube.com/channel/UCDLpNUxdUx7E81MV4K7ocxA","https://www.kiotviet.vn/blog/","KiotViet",""
"SIPOS","đối thủ","Sapo","https://www.facebook.com/sapo.vn/","không có","https://www.youtube.com/channel/UCXOMQd_gKgELyY_fhmPjI4w","https://www.sapo.vn/blog","Sapo phần mềm quản lý bán hàng","Dùng cụm từ chính xác (keyword_exact_phrase)"
"SIPOS","đối thủ","CukCuk (MISA)","https://www.facebook.com/phanmemquanlynhahangcafecukcukvn/","không có","https://www.youtube.com/@misacukcuk/","https://www.cukcuk.vn/bang-gia/","CukCuk",""
"SIPOS","đối thủ","POS365","https://www.facebook.com/pos365vn","không có","https://www.youtube.com/@pos365-vn","https://www.pos365.vn/phi-dich-vu","POS365",""
"SIPOS","đối thủ","Haravan","https://www.facebook.com/haravan.official","https://www.tiktok.com/@haravan.official","https://www.youtube.com/user/haravanvn/videos","https://www.haravan.com/pages/pricing","Haravan",""
"SIPOS","đối thủ","Tendoo","không có link","không có","không có","https://tendoo.vn/","Tendoo",""
"SIPOS","đối thủ","MISA AMIS","https://www.facebook.com/amisplatform/","https://www.tiktok.com/@misa_jsc","https://www.youtube.com/c/MISAAMISPlatform","https://amis.misa.vn/","MISA AMIS",""
"SIPOS","đề xuất chờ duyệt","iPOS","","","","","iPOS","Chưa chạy"
"SIPOS","từ khóa","","","","","","","phần mềm quản lý bán hàng; phần mềm quản lý quán cafe; phần mềm quản lý nhà hàng; hộ kinh doanh hóa đơn điện tử; thuế hộ kinh doanh; thuế khoán; SIPOS"
"WEBINO","của mình","WEBINO","chưa có","chưa có","chưa có","https://webino.vn","","Fanpage, TikTok, YouTube, Zalo OA: chờ cập nhật"
"WEBINO","đối thủ","Haravan","https://www.facebook.com/haravan.official","https://www.tiktok.com/@haravan.official","https://www.youtube.com/user/haravanvn/videos","https://www.haravan.com/pages/pricing","Haravan",""
"WEBINO","đối thủ","Sapo","https://www.facebook.com/sapo.vn/","không có","https://www.youtube.com/channel/UCXOMQd_gKgELyY_fhmPjI4w","https://www.sapo.vn/blog","Sapo website bán hàng",""
"WEBINO","đối thủ","Nhanh.vn","https://www.facebook.com/nhanh.vn","không thấy trên website","https://www.youtube.com/channel/UCygUZCwRtm9mqcijF9phxkQ","https://nhanh.vn/blog ; https://nhanh.vn/bang-gia-phan-mem","Nhanh.vn",""
"WEBINO","đối thủ","GoSELL","chưa xác minh","chưa xác minh","chưa xác minh","chưa xác minh","GoSELL","gosell.vn không truy cập được lúc kiểm tra 08/10; cần tên miền đúng"
"WEBINO","đối thủ","Wix, Shopify (toàn cầu)","chưa có URL","chưa có URL","chưa có URL","chỉ theo dõi quảng cáo và blog bản Việt nếu có","Wix ; Shopify",""
"WEBINO","từ khóa","","","","","","","thiết kế website; công ty thiết kế website; dịch vụ thiết kế website; website bán hàng AI; AI website builder; Webino"
"REDSUN BOS","của mình","REDSUN BOS","chưa có","chưa có","chưa có","https://redsun.vn","","Tạm ngoài lịch content; vẫn nằm trong vòng research luân phiên"
"REDSUN BOS","đối thủ","MISA AMIS HRM","https://www.facebook.com/amisplatform/","https://www.tiktok.com/@misa_jsc","https://www.youtube.com/c/MISAAMISPlatform","https://amis.misa.vn/amis-hrm/","MISA AMIS","3,15 đến 4,5 triệu đ/tháng, gói 100 người, trả năm"
"REDSUN BOS","đối thủ","Tanca","https://www.facebook.com/tancaapp","https://www.tiktok.com/@tancagma","https://www.youtube.com/@tanca-phanmemnhansuso1viet497","https://tanca.io","Tanca","Starter miễn phí; AI từ 647.000đ/tháng"
"REDSUN BOS","đối thủ","Base HRM","https://www.facebook.com/base.vietnam","chưa tìm thấy","https://www.youtube.com/channel/UCtliV35MJd2Krt19X5r8jBQ","https://base.vn/hrm/","Base.vn","Không công khai giá; có group https://www.facebook.com/groups/base.vncommunity"
"REDSUN BOS","đối thủ","1Office","https://www.facebook.com/1officevn","chưa tìm thấy","https://www.youtube.com/@1office_nhubantuongtuong","https://1office.vn/thong-tin-nhan-su","1Office","40.000 đến 60.000đ/người/tháng"
"REDSUN BOS","đối thủ","Fast HRM Online","https://www.facebook.com/PhanMemFAST","chưa tìm thấy","https://www.youtube.com/c/videophanmemfast/videos","https://fast.com.vn/phan-mem-quan-ly-nhan-su-fast-hrm-online/","Fast phần mềm","Fanpage của cả công ty FAST"
"REDSUN BOS","từ khóa","","","","","","","phần mềm quản lý nhân sự; phần mềm HRM; chấm công tính lương; phần mềm quản trị doanh nghiệp; hệ điều hành doanh nghiệp; ERP cho doanh nghiệp vừa. Khách: giám đốc và chủ doanh nghiệp vừa và lớn"
