"Mã (ma)","Sản phẩm (san_pham)","Giai đoạn (giai_doan)","Trụ cột (tru_cot)","Góc (goc)","Chủ đề đề xuất (chu_de_de_xuat)","Ghi chú (ghi_chu)","Trạng thái (trang_thai)"
"S3.1","SIPOS","3 (T10 đến T12, hiện tại)","Quyết định ngay","Chậm là mất cơ hội","2027 rồi còn quản lý bằng Excel?; Chậm 1 tháng mất gì?","Chiến lược đã được duyệt ngày 08/10/2026 bởi người dùng để dùng cho Bước 3. Cách xếp trụ cột SIPOS theo giai đoạn là suy đoán từ bố cục PDF và đã được chấp nhận","đã duyệt"
"S3.2","SIPOS","3 (hiện tại)","Tăng trưởng và mở rộng","Quản lý đa chi nhánh","Mở chi nhánh quản lý thế nào?; Dữ liệu giúp tăng doanh thu ra sao?","","đã duyệt"
"S3.3","SIPOS","3 (hiện tại)","Khách hàng ở lại","Giá trị dài hạn","Vì sao khách hàng gắn bó với SIPOS?","","đã duyệt"
"S2.1","SIPOS","2 (T7 đến T9)","SIPOS giải quyết như thế nào","Từ thủ công thành hệ thống","Một ngày quản lý với SIPOS; Kiểm tra doanh thu trong 1 phút; Giảm thất thoát sau 3 tháng","","đã duyệt"
"S2.2","SIPOS","2 (T7 đến T9)","Before và After","Excel so với SIPOS","Excel vs SIPOS","","đã duyệt"
"S2.3","SIPOS","2 (T7 đến T9)","Trải nghiệm và ưu đãi","Dùng thử, triển khai nhanh","7 ngày trải nghiệm miễn phí; Triển khai bao lâu?","","đã duyệt"
"S1.1","SIPOS","1 (T3 đến T6)","Thời đại mới, quản lý cũ","Thời đại AI nhưng quản lý thủ công","5 dấu hiệu quản lý lỗi thời","","đã duyệt"
"S1.2","SIPOS","1 (T3 đến T6)","Pain point SME","Thất thoát, tồn kho, lãi ảo","Vì sao lãi mà không biết tiền đâu?; 3 khoản thất thoát vô hình","","đã duyệt"
"S1.3","SIPOS","1 (T3 đến T6)","Công nghệ phải dễ hiểu","Phần mềm không cần phức tạp","Chủ shop có cần AI?; Dễ dùng, thân thiện, hiểu ngành","","đã duyệt"
"SV-HT","SIPOS","Theo ngành","Khách sạn: PMS, giá phòng linh hoạt, báo cáo RevPAR/ADR, OTA và booking trực tiếp","","Check-in trong 30 giây; giá phòng theo giờ so với theo ngày; mất 15 đến 18% hoa hồng OTA có cách nào giảm","Bài theo ngành chiếm khoảng 15% lịch (đề xuất)","đã duyệt"
"SV-WL","SIPOS","Theo ngành","Spa, wellness: CRM và thẻ VIP, gói dịch vụ, marketing spa","","Vì sao spa nên có thẻ thành viên; bán gói hay bán lẻ dịch vụ; tính hoa hồng kỹ thuật viên tự động","","đã duyệt"
"SV-CL","SIPOS","Theo ngành","Phòng khám: bệnh án, phác đồ, nhắc tái khám, lịch bác sĩ","","Vì sao phòng khám cần bệnh án điện tử; nhắc lịch tái khám tự động; tránh trùng lịch khám","","đã duyệt"
"SV-FB","SIPOS","Theo ngành","F&B: sơ đồ bàn, QR order tại bàn (gói Pro)","","Sơ đồ bàn thay quản lý thủ công; QR order giảm sai món","","đã duyệt"
"W2","WEBINO","Trải nghiệm (T10 đến T11, hiện tại)","Website làm được gì ngoài việc đẹp","","Demo tính năng WOW; website vận hành doanh nghiệp thế nào; website thiết kế riêng khác gì; từ một website đến hệ sinh thái vận hành","Thông điệp: Mỗi doanh nghiệp có một màu sắc riêng và website cũng vậy","đã duyệt"
"W1","WEBINO","Truyền thông (T8 đến T9)","Website thế hệ mới","","Website thế hệ mới là gì; hiểu lầm lớn nhất về website doanh nghiệp; xu hướng AI Website Builder; website không chỉ để giới thiệu; vì sao website là trung tâm tăng trưởng","","đã duyệt"
"W3","WEBINO","Chốt deal (T11 đến T12)","Biến yêu thích thành quyết định","","WEBINO phù hợp doanh nghiệp nào; chi phí sở hữu; so sánh với giải pháp phổ biến; các gói theo nhu cầu; ưu đãi khách tiên phong","","đã duyệt"
"WG1","WEBINO","Nhóm khách","Website mới","","Không biết bắt đầu từ đâu; thuê agency đắt; không có đội kỹ thuật","","đã duyệt"
"WG2","WEBINO","Nhóm khách","Nâng cấp website","","Giao diện lỗi thời; SEO và trải nghiệm chưa tối ưu; chưa kết nối CRM","","đã duyệt"
"WG3","WEBINO","Nhóm khách","Digital-first","","Thiếu tùy biến và tự động hóa; công cụ rời rạc; khó mở rộng","","đã duyệt"
"R-?","Redsun (Fanpage công ty)","Chưa có chiến lược","(chờ người dùng cung cấp)","","","Chưa có tài liệu chiến lược content cho Fanpage Redsun trong thư mục Thương hiệu","nháp"
"KÊNH","Tất cả","Nhịp đăng","Facebook: 1 bài hoặc video mỗi ngày mỗi Fanpage; TikTok: 1 video mỗi ngày","","","Nhịp chốt: đăng 5 ngày mỗi tuần, thứ Hai đến thứ Sáu (người dùng chốt ngày 09/10/2026); Zalo OA chưa đưa vào lịch; mọi dòng lịch là đề xuất chờ duyệt","thông tin"
"TỶ LỆ","Tất cả","Người dùng đã chốt ngày 09/10/2026","60% trụ cột giai đoạn hiện tại, 25% giai đoạn trước, 15% bài theo ngành hoặc nhóm khách","","","Tỷ lệ 60/25/15 do người dùng chốt ngày 09/10/2026; kế hoạch gốc không nêu tỷ lệ","thông tin"
"TM-S","SIPOS","Thông điệp chủ đạo","SIPOS, giải pháp quản lý bán hàng trong thời đại AI","","","Nguồn: kế hoạch marketing 2026 của SIPOS","thông tin"
"TM-W","WEBINO","Thông điệp chủ đạo","Mỗi doanh nghiệp có một màu sắc riêng và website cũng vậy (Color Your Web, Create Your World)","","Định vị AI Website Builder và Website Operating Platform","Định hướng content: không chỉ trả lời điều doanh nghiệp cần mà gợi ý giải pháp tốt hơn cho hành trình sau website. Nguồn: kế hoạch marketing 2026 của WEBINO","thông tin"
"K-FB","SIPOS","Vai trò kênh Facebook","Kênh chủ lực: tập trung nhiều SME, đánh ngành sâu, thông điệp riêng cho từng ngành","","","Nguồn: kế hoạch marketing 2026 của SIPOS","thông tin"
"K-TT","SIPOS","Vai trò kênh TikTok","Kênh tạo nhu cầu, không phải kênh chốt chính; video ngắn 20 đến 40 giây, tình huống thực tế (thất thoát, lệch kho, mở rộng thiếu hệ thống); nói vấn đề, không nói tính năng","","","Nguồn: kế hoạch marketing 2026 của SIPOS","thông tin"
"NN","SIPOS","Ngành mũi nhọn","Ngành mũi nhọn: F&B, Bán lẻ, Dịch vụ, Lưu trú (người dùng chốt ngày 09/10/2026)","","","Người dùng chốt 4 ngành mũi nhọn ngày 09/10/2026. Bán lẻ và Dịch vụ chưa có chủ đề chi tiết trong kế hoạch gốc; Phòng khám không thuộc ngành mũi nhọn; Spa và wellness tạm tính vào Dịch vụ, cần xác nhận. Chủ đề theo ngành hiện có (SV-HT, SV-WL, SV-CL, SV-FB) lấy từ giai đoạn 1","thông tin"
